district_id,year,region,province,district_number,district_label
BKK_0,2569,กรุงเทพ,กรุงเทพมหานคร,0,กรุงเทพมหานคร-0
BKK_1,2569,กรุงเทพ,กรุงเทพมหานคร,1,กรุงเทพมหานคร-1
BKK_2,2569,กรุงเทพ,กรุงเทพมหานคร,2,กรุงเทพมหานคร-2
BKK_3,2569,กรุงเทพ,กรุงเทพมหานคร,3,กรุงเทพมหานคร-3
BKK_4,2569,กรุงเทพ,กรุงเทพมหานคร,4,กรุงเทพมหานคร-4
BKK_5,2569,กรุงเทพ,กรุงเทพมหานคร,5,กรุงเทพมหานคร-5
BKK_6,2569,กรุงเทพ,กรุงเทพมหานคร,6,กรุงเทพมหานคร-6
BKK_7,2569,กรุงเทพ,กรุงเทพมหานคร,7,กรุงเทพมหานคร-7
BKK_8,2569,กรุงเทพ,กรุงเทพมหานคร,8,กรุงเทพมหานคร-8
BKK_9,2569,กรุงเทพ,กรุงเทพมหานคร,9,กรุงเทพมหานคร-9
BKK_10,2569,กรุงเทพ,กรุงเทพมหานคร,10,กรุงเทพมหานคร-10
BKK_11,2569,กรุงเทพ,กรุงเทพมหานคร,11,กรุงเทพมหานคร-11
BKK_12,2569,กรุงเทพ,กรุงเทพมหานคร,12,กรุงเทพมหานคร-12
BKK_13,2569,กรุงเทพ,กรุงเทพมหานคร,13,กรุงเทพมหานคร-13
BKK_14,2569,กรุงเทพ,กรุงเทพมหานคร,14,กรุงเทพมหานคร-14
BKK_15,2569,กรุงเทพ,กรุงเทพมหานคร,15,กรุงเทพมหานคร-15
BKK_16,2569,กรุงเทพ,กรุงเทพมหานคร,16,กรุงเทพมหานคร-16
BKK_17,2569,กรุงเทพ,กรุงเทพมหานคร,17,กรุงเทพมหานคร-17
BKK_18,2569,กรุงเทพ,กรุงเทพมหานคร,18,กรุงเทพมหานคร-18
BKK_19,2569,กรุงเทพ,กรุงเทพมหานคร,19,กรุงเทพมหานคร-19
BKK_20,2569,กรุงเทพ,กรุงเทพมหานคร,20,กรุงเทพมหานคร-20
BKK_21,2569,กรุงเทพ,กรุงเทพมหานคร,21,กรุงเทพมหานคร-21
BKK_22,2569,กรุงเทพ,กรุงเทพมหานคร,22,กรุงเทพมหานคร-22
BKK_23,2569,กรุงเทพ,กรุงเทพมหานคร,23,กรุงเทพมหานคร-23
BKK_24,2569,กรุงเทพ,กรุงเทพมหานคร,24,กรุงเทพมหานคร-24
BKK_25,2569,กรุงเทพ,กรุงเทพมหานคร,25,กรุงเทพมหานคร-25
BKK_26,2569,กรุงเทพ,กรุงเทพมหานคร,26,กรุงเทพมหานคร-26
BKK_27,2569,กรุงเทพ,กรุงเทพมหานคร,27,กรุงเทพมหานคร-27
BKK_28,2569,กรุงเทพ,กรุงเทพมหานคร,28,กรุงเทพมหานคร-28
BKK_29,2569,กรุงเทพ,กรุงเทพมหานคร,29,กรุงเทพมหานคร-29
PTN_2,2569,ภาคใต้,ปัตตานี,2,ปัตตานี-2
BKK_30,2569,กรุงเทพ,กรุงเทพมหานคร,30,กรุงเทพมหานคร-30
BKK_31,2569,กรุงเทพ,กรุงเทพมหานคร,31,กรุงเทพมหานคร-31
BKK_32,2569,กรุงเทพ,กรุงเทพมหานคร,32,กรุงเทพมหานคร-32
BKK_33,2569,กรุงเทพ,กรุงเทพมหานคร,33,กรุงเทพมหานคร-33
SPK_1,2569,ปริมณฑล,สมุทรปราการ,1,สมุทรปราการ-1
SPK_2,2569,ปริมณฑล,สมุทรปราการ,2,สมุทรปราการ-2
SPK_3,2569,ปริมณฑล,สมุทรปราการ,3,สมุทรปราการ-3
SPK_4,2569,ปริมณฑล,สมุทรปราการ,4,สมุทรปราการ-4
SPK_5,2569,ปริมณฑล,สมุทรปราการ,5,สมุทรปราการ-5
SPK_6,2569,ปริมณฑล,สมุทรปราการ,6,สมุทรปราการ-6
SPK_7,2569,ปริมณฑล,สมุทรปราการ,7,สมุทรปราการ-7
SPK_8,2569,ปริมณฑล,สมุทรปราการ,8,สมุทรปราการ-8
NBI_1,2569,ปริมณฑล,นนทบุรี,1,นนทบุรี-1
NBI_2,2569,ปริมณฑล,นนทบุรี,2,นนทบุรี-2
NBI_3,2569,ปริมณฑล,นนทบุรี,3,นนทบุรี-3
NBI_4,2569,ปริมณฑล,นนทบุรี,4,นนทบุรี-4
NBI_5,2569,ปริมณฑล,นนทบุรี,5,นนทบุรี-5
NBI_6,2569,ปริมณฑล,นนทบุรี,6,นนทบุรี-6
NBI_7,2569,ปริมณฑล,นนทบุรี,7,นนทบุรี-7
NBI_8,2569,ปริมณฑล,นนทบุรี,8,นนทบุรี-8
PTE_1,2569,ปริมณฑล,ปทุมธานี,1,ปทุมธานี-1
PTE_2,2569,ปริมณฑล,ปทุมธานี,2,ปทุมธานี-2
PTE_3,2569,ปริมณฑล,ปทุมธานี,3,ปทุมธานี-3
PTE_4,2569,ปริมณฑล,ปทุมธานี,4,ปทุมธานี-4
PTE_5,2569,ปริมณฑล,ปทุมธานี,5,ปทุมธานี-5
PTE_6,2569,ปริมณฑล,ปทุมธานี,6,ปทุมธานี-6
PTE_7,2569,ปริมณฑล,ปทุมธานี,7,ปทุมธานี-7
PTE_8,2569,ปริมณฑล,ปทุมธานี,8,ปทุมธานี-8
AYA_1,2569,ภาคกลาง,พระนครศรีอยุธยา,1,พระนครศรีอยุธยา-1
AYA_2,2569,ภาคกลาง,พระนครศรีอยุธยา,2,พระนครศรีอยุธยา-2
AYA_3,2569,ภาคกลาง,พระนครศรีอยุธยา,3,พระนครศรีอยุธยา-3
AYA_4,2569,ภาคกลาง,พระนครศรีอยุธยา,4,พระนครศรีอยุธยา-4
AYA_5,2569,ภาคกลาง,พระนครศรีอยุธยา,5,พระนครศรีอยุธยา-5
ATG_1,2569,ภาคกลาง,อ่างทอง,1,อ่างทอง-1
ATG_2,2569,ภาคกลาง,อ่างทอง,2,อ่างทอง-2
LRI_1,2569,ภาคกลาง,ลพบุรี,1,ลพบุรี-1
LRI_2,2569,ภาคกลาง,ลพบุรี,2,ลพบุรี-2
LRI_3,2569,ภาคกลาง,ลพบุรี,3,ลพบุรี-3
LRI_4,2569,ภาคกลาง,ลพบุรี,4,ลพบุรี-4
SBR_1,2569,ภาคกลาง,สิงห์บุรี,1,สิงห์บุรี-1
CNT_1,2569,ภาคกลาง,ชัยนาท,1,ชัยนาท-1
CNT_2,2569,ภาคกลาง,ชัยนาท,2,ชัยนาท-2
SRI_1,2569,ภาคกลาง,สระบุรี,1,สระบุรี-1
SRI_2,2569,ภาคกลาง,สระบุรี,2,สระบุรี-2
SRI_3,2569,ภาคกลาง,สระบุรี,3,สระบุรี-3
SRI_4,2569,ภาคกลาง,สระบุรี,4,สระบุรี-4
CBI_1,2569,ภาคตะวันออก,ชลบุรี,1,ชลบุรี-1
CBI_2,2569,ภาคตะวันออก,ชลบุรี,2,ชลบุรี-2
CBI_3,2569,ภาคตะวันออก,ชลบุรี,3,ชลบุรี-3
CBI_4,2569,ภาคตะวันออก,ชลบุรี,4,ชลบุรี-4
CBI_5,2569,ภาคตะวันออก,ชลบุรี,5,ชลบุรี-5
CBI_6,2569,ภาคตะวันออก,ชลบุรี,6,ชลบุรี-6
CBI_7,2569,ภาคตะวันออก,ชลบุรี,7,ชลบุรี-7
CBI_8,2569,ภาคตะวันออก,ชลบุรี,8,ชลบุรี-8
CBI_9,2569,ภาคตะวันออก,ชลบุรี,9,ชลบุรี-9
CBI_10,2569,ภาคตะวันออก,ชลบุรี,10,ชลบุรี-10
RYG_1,2569,ภาคตะวันออก,ระยอง,1,ระยอง-1
RYG_2,2569,ภาคตะวันออก,ระยอง,2,ระยอง-2
RYG_3,2569,ภาคตะวันออก,ระยอง,3,ระยอง-3
RYG_4,2569,ภาคตะวันออก,ระยอง,4,ระยอง-4
RYG_5,2569,ภาคตะวันออก,ระยอง,5,ระยอง-5
CTI_1,2569,ภาคตะวันออก,จันทบุรี,1,จันทบุรี-1
CTI_2,2569,ภาคตะวันออก,จันทบุรี,2,จันทบุรี-2
CTI_3,2569,ภาคตะวันออก,จันทบุรี,3,จันทบุรี-3
TRT_1,2569,ภาคตะวันออก,ตราด,1,ตราด-1
CCO_1,2569,ภาคตะวันออก,ฉะเชิงเทรา,1,ฉะเชิงเทรา-1
CCO_2,2569,ภาคตะวันออก,ฉะเชิงเทรา,2,ฉะเชิงเทรา-2
CCO_3,2569,ภาคตะวันออก,ฉะเชิงเทรา,3,ฉะเชิงเทรา-3
CCO_4,2569,ภาคตะวันออก,ฉะเชิงเทรา,4,ฉะเชิงเทรา-4
PRI_1,2569,ภาคตะวันออก,ปราจีนบุรี,1,ปราจีนบุรี-1
PRI_2,2569,ภาคตะวันออก,ปราจีนบุรี,2,ปราจีนบุรี-2
PRI_3,2569,ภาคตะวันออก,ปราจีนบุรี,3,ปราจีนบุรี-3
NYK_1,2569,ภาคตะวันออก,นครนายก,1,นครนายก-1
NYK_2,2569,ภาคตะวันออก,นครนายก,2,นครนายก-2
BRM_4,2569,ภาคอีสาน,บุรีรัมย์,4,บุรีรัมย์-4
SKW_1,2569,ภาคตะวันออก,สระแก้ว,1,สระแก้ว-1
SKW_2,2569,ภาคตะวันออก,สระแก้ว,2,สระแก้ว-2
SKW_3,2569,ภาคตะวันออก,สระแก้ว,3,สระแก้ว-3
NMA_1,2569,ภาคอีสาน,นครราชสีมา,1,นครราชสีมา-1
NMA_2,2569,ภาคอีสาน,นครราชสีมา,2,นครราชสีมา-2
NMA_3,2569,ภาคอีสาน,นครราชสีมา,3,นครราชสีมา-3
NMA_4,2569,ภาคอีสาน,นครราชสีมา,4,นครราชสีมา-4
NMA_5,2569,ภาคอีสาน,นครราชสีมา,5,นครราชสีมา-5
NMA_6,2569,ภาคอีสาน,นครราชสีมา,6,นครราชสีมา-6
NMA_7,2569,ภาคอีสาน,นครราชสีมา,7,นครราชสีมา-7
NMA_8,2569,ภาคอีสาน,นครราชสีมา,8,นครราชสีมา-8
NMA_9,2569,ภาคอีสาน,นครราชสีมา,9,นครราชสีมา-9
NMA_10,2569,ภาคอีสาน,นครราชสีมา,10,นครราชสีมา-10
NMA_11,2569,ภาคอีสาน,นครราชสีมา,11,นครราชสีมา-11
NMA_12,2569,ภาคอีสาน,นครราชสีมา,12,นครราชสีมา-12
NMA_13,2569,ภาคอีสาน,นครราชสีมา,13,นครราชสีมา-13
NMA_14,2569,ภาคอีสาน,นครราชสีมา,14,นครราชสีมา-14
NMA_15,2569,ภาคอีสาน,นครราชสีมา,15,นครราชสีมา-15
NMA_16,2569,ภาคอีสาน,นครราชสีมา,16,นครราชสีมา-16
BRM_1,2569,ภาคอีสาน,บุรีรัมย์,1,บุรีรัมย์-1
BRM_2,2569,ภาคอีสาน,บุรีรัมย์,2,บุรีรัมย์-2
BRM_3,2569,ภาคอีสาน,บุรีรัมย์,3,บุรีรัมย์-3
BRM_5,2569,ภาคอีสาน,บุรีรัมย์,5,บุรีรัมย์-5
BRM_6,2569,ภาคอีสาน,บุรีรัมย์,6,บุรีรัมย์-6
BRM_7,2569,ภาคอีสาน,บุรีรัมย์,7,บุรีรัมย์-7
BRM_8,2569,ภาคอีสาน,บุรีรัมย์,8,บุรีรัมย์-8
BRM_9,2569,ภาคอีสาน,บุรีรัมย์,9,บุรีรัมย์-9
BRM_10,2569,ภาคอีสาน,บุรีรัมย์,10,บุรีรัมย์-10
SRN_1,2569,ภาคอีสาน,สุรินทร์,1,สุรินทร์-1
SRN_2,2569,ภาคอีสาน,สุรินทร์,2,สุรินทร์-2
SRN_3,2569,ภาคอีสาน,สุรินทร์,3,สุรินทร์-3
SRN_4,2569,ภาคอีสาน,สุรินทร์,4,สุรินทร์-4
SRN_5,2569,ภาคอีสาน,สุรินทร์,5,สุรินทร์-5
SRN_6,2569,ภาคอีสาน,สุรินทร์,6,สุรินทร์-6
SRN_7,2569,ภาคอีสาน,สุรินทร์,7,สุรินทร์-7
SRN_8,2569,ภาคอีสาน,สุรินทร์,8,สุรินทร์-8
SSK_1,2569,ภาคอีสาน,ศรีสะเกษ,1,ศรีสะเกษ-1
SSK_2,2569,ภาคอีสาน,ศรีสะเกษ,2,ศรีสะเกษ-2
SSK_3,2569,ภาคอีสาน,ศรีสะเกษ,3,ศรีสะเกษ-3
SSK_4,2569,ภาคอีสาน,ศรีสะเกษ,4,ศรีสะเกษ-4
SSK_5,2569,ภาคอีสาน,ศรีสะเกษ,5,ศรีสะเกษ-5
SSK_6,2569,ภาคอีสาน,ศรีสะเกษ,6,ศรีสะเกษ-6
SSK_7,2569,ภาคอีสาน,ศรีสะเกษ,7,ศรีสะเกษ-7
SSK_8,2569,ภาคอีสาน,ศรีสะเกษ,8,ศรีสะเกษ-8
SSK_9,2569,ภาคอีสาน,ศรีสะเกษ,9,ศรีสะเกษ-9
UBN_1,2569,ภาคอีสาน,อุบลราชธานี,1,อุบลราชธานี-1
UBN_2,2569,ภาคอีสาน,อุบลราชธานี,2,อุบลราชธานี-2
UBN_3,2569,ภาคอีสาน,อุบลราชธานี,3,อุบลราชธานี-3
UBN_4,2569,ภาคอีสาน,อุบลราชธานี,4,อุบลราชธานี-4
UBN_5,2569,ภาคอีสาน,อุบลราชธานี,5,อุบลราชธานี-5
UBN_6,2569,ภาคอีสาน,อุบลราชธานี,6,อุบลราชธานี-6
UBN_7,2569,ภาคอีสาน,อุบลราชธานี,7,อุบลราชธานี-7
UBN_8,2569,ภาคอีสาน,อุบลราชธานี,8,อุบลราชธานี-8
UBN_9,2569,ภาคอีสาน,อุบลราชธานี,9,อุบลราชธานี-9
UBN_10,2569,ภาคอีสาน,อุบลราชธานี,10,อุบลราชธานี-10
UBN_11,2569,ภาคอีสาน,อุบลราชธานี,11,อุบลราชธานี-11
YST_1,2569,ภาคอีสาน,ยโสธร,1,ยโสธร-1
YST_2,2569,ภาคอีสาน,ยโสธร,2,ยโสธร-2
YST_3,2569,ภาคอีสาน,ยโสธร,3,ยโสธร-3
CPM_1,2569,ภาคอีสาน,ชัยภูมิ,1,ชัยภูมิ-1
CPM_2,2569,ภาคอีสาน,ชัยภูมิ,2,ชัยภูมิ-2
CPM_3,2569,ภาคอีสาน,ชัยภูมิ,3,ชัยภูมิ-3
CPM_4,2569,ภาคอีสาน,ชัยภูมิ,4,ชัยภูมิ-4
CPM_5,2569,ภาคอีสาน,ชัยภูมิ,5,ชัยภูมิ-5
CPM_6,2569,ภาคอีสาน,ชัยภูมิ,6,ชัยภูมิ-6
CPM_7,2569,ภาคอีสาน,ชัยภูมิ,7,ชัยภูมิ-7
ACR_1,2569,ภาคอีสาน,อำนาจเจริญ,1,อำนาจเจริญ-1
ACR_2,2569,ภาคอีสาน,อำนาจเจริญ,2,อำนาจเจริญ-2
BKN_1,2569,ภาคอีสาน,บึงกาฬ,1,บึงกาฬ-1
BKN_2,2569,ภาคอีสาน,บึงกาฬ,2,บึงกาฬ-2
BKN_3,2569,ภาคอีสาน,บึงกาฬ,3,บึงกาฬ-3
NBP_1,2569,ภาคอีสาน,หนองบัวลำภู,1,หนองบัวลำภู-1
NBP_2,2569,ภาคอีสาน,หนองบัวลำภู,2,หนองบัวลำภู-2
NBP_3,2569,ภาคอีสาน,หนองบัวลำภู,3,หนองบัวลำภู-3
KKN_1,2569,ภาคอีสาน,ขอนแก่น,1,ขอนแก่น-1
KKN_2,2569,ภาคอีสาน,ขอนแก่น,2,ขอนแก่น-2
KKN_3,2569,ภาคอีสาน,ขอนแก่น,3,ขอนแก่น-3
KKN_4,2569,ภาคอีสาน,ขอนแก่น,4,ขอนแก่น-4
KKN_5,2569,ภาคอีสาน,ขอนแก่น,5,ขอนแก่น-5
KKN_6,2569,ภาคอีสาน,ขอนแก่น,6,ขอนแก่น-6
KKN_7,2569,ภาคอีสาน,ขอนแก่น,7,ขอนแก่น-7
KKN_8,2569,ภาคอีสาน,ขอนแก่น,8,ขอนแก่น-8
KKN_9,2569,ภาคอีสาน,ขอนแก่น,9,ขอนแก่น-9
KKN_10,2569,ภาคอีสาน,ขอนแก่น,10,ขอนแก่น-10
KKN_11,2569,ภาคอีสาน,ขอนแก่น,11,ขอนแก่น-11
UDN_1,2569,ภาคอีสาน,อุดรธานี,1,อุดรธานี-1
UDN_2,2569,ภาคอีสาน,อุดรธานี,2,อุดรธานี-2
UDN_3,2569,ภาคอีสาน,อุดรธานี,3,อุดรธานี-3
UDN_4,2569,ภาคอีสาน,อุดรธานี,4,อุดรธานี-4
UDN_5,2569,ภาคอีสาน,อุดรธานี,5,อุดรธานี-5
UDN_6,2569,ภาคอีสาน,อุดรธานี,6,อุดรธานี-6
UDN_7,2569,ภาคอีสาน,อุดรธานี,7,อุดรธานี-7
UDN_8,2569,ภาคอีสาน,อุดรธานี,8,อุดรธานี-8
CMI_4,2569,ภาคเหนือ,เชียงใหม่,4,เชียงใหม่-4
UDN_9,2569,ภาคอีสาน,อุดรธานี,9,อุดรธานี-9
UDN_10,2569,ภาคอีสาน,อุดรธานี,10,อุดรธานี-10
LEI_1,2569,ภาคอีสาน,เลย,1,เลย-1
LEI_2,2569,ภาคอีสาน,เลย,2,เลย-2
LEI_3,2569,ภาคอีสาน,เลย,3,เลย-3
LEI_4,2569,ภาคอีสาน,เลย,4,เลย-4
NKI_1,2569,ภาคอีสาน,หนองคาย,1,หนองคาย-1
NKI_2,2569,ภาคอีสาน,หนองคาย,2,หนองคาย-2
NKI_3,2569,ภาคอีสาน,หนองคาย,3,หนองคาย-3
MKM_1,2569,ภาคอีสาน,มหาสารคาม,1,มหาสารคาม-1
MKM_2,2569,ภาคอีสาน,มหาสารคาม,2,มหาสารคาม-2
MKM_3,2569,ภาคอีสาน,มหาสารคาม,3,มหาสารคาม-3
MKM_4,2569,ภาคอีสาน,มหาสารคาม,4,มหาสารคาม-4
MKM_5,2569,ภาคอีสาน,มหาสารคาม,5,มหาสารคาม-5
MKM_6,2569,ภาคอีสาน,มหาสารคาม,6,มหาสารคาม-6
RET_1,2569,ภาคอีสาน,ร้อยเอ็ด,1,ร้อยเอ็ด-1
RET_2,2569,ภาคอีสาน,ร้อยเอ็ด,2,ร้อยเอ็ด-2
RET_3,2569,ภาคอีสาน,ร้อยเอ็ด,3,ร้อยเอ็ด-3
RET_4,2569,ภาคอีสาน,ร้อยเอ็ด,4,ร้อยเอ็ด-4
RET_5,2569,ภาคอีสาน,ร้อยเอ็ด,5,ร้อยเอ็ด-5
RET_6,2569,ภาคอีสาน,ร้อยเอ็ด,6,ร้อยเอ็ด-6
RET_7,2569,ภาคอีสาน,ร้อยเอ็ด,7,ร้อยเอ็ด-7
CMI_5,2569,ภาคเหนือ,เชียงใหม่,5,เชียงใหม่-5
RET_8,2569,ภาคอีสาน,ร้อยเอ็ด,8,ร้อยเอ็ด-8
KSN_1,2569,ภาคอีสาน,กาฬสินธุ์,1,กาฬสินธุ์-1
KSN_2,2569,ภาคอีสาน,กาฬสินธุ์,2,กาฬสินธุ์-2
KSN_3,2569,ภาคอีสาน,กาฬสินธุ์,3,กาฬสินธุ์-3
KSN_4,2569,ภาคอีสาน,กาฬสินธุ์,4,กาฬสินธุ์-4
KSN_5,2569,ภาคอีสาน,กาฬสินธุ์,5,กาฬสินธุ์-5
KSN_6,2569,ภาคอีสาน,กาฬสินธุ์,6,กาฬสินธุ์-6
SNK_1,2569,ภาคอีสาน,สกลนคร,1,สกลนคร-1
SNK_2,2569,ภาคอีสาน,สกลนคร,2,สกลนคร-2
SNK_3,2569,ภาคอีสาน,สกลนคร,3,สกลนคร-3
SNK_4,2569,ภาคอีสาน,สกลนคร,4,สกลนคร-4
SNK_5,2569,ภาคอีสาน,สกลนคร,5,สกลนคร-5
SNK_6,2569,ภาคอีสาน,สกลนคร,6,สกลนคร-6
SNK_7,2569,ภาคอีสาน,สกลนคร,7,สกลนคร-7
NPM_1,2569,ภาคอีสาน,นครพนม,1,นครพนม-1
NPM_2,2569,ภาคอีสาน,นครพนม,2,นครพนม-2
NPM_3,2569,ภาคอีสาน,นครพนม,3,นครพนม-3
NPM_4,2569,ภาคอีสาน,นครพนม,4,นครพนม-4
MDH_1,2569,ภาคอีสาน,มุกดาหาร,1,มุกดาหาร-1
MDH_2,2569,ภาคอีสาน,มุกดาหาร,2,มุกดาหาร-2
CMI_1,2569,ภาคเหนือ,เชียงใหม่,1,เชียงใหม่-1
CMI_2,2569,ภาคเหนือ,เชียงใหม่,2,เชียงใหม่-2
CMI_3,2569,ภาคเหนือ,เชียงใหม่,3,เชียงใหม่-3
CMI_6,2569,ภาคเหนือ,เชียงใหม่,6,เชียงใหม่-6
CMI_7,2569,ภาคเหนือ,เชียงใหม่,7,เชียงใหม่-7
CMI_8,2569,ภาคเหนือ,เชียงใหม่,8,เชียงใหม่-8
CMI_9,2569,ภาคเหนือ,เชียงใหม่,9,เชียงใหม่-9
CMI_10,2569,ภาคเหนือ,เชียงใหม่,10,เชียงใหม่-10
LPN_1,2569,ภาคเหนือ,ลำพูน,1,ลำพูน-1
LPN_2,2569,ภาคเหนือ,ลำพูน,2,ลำพูน-2
LPG_1,2569,ภาคเหนือ,ลำปาง,1,ลำปาง-1
LPG_2,2569,ภาคเหนือ,ลำปาง,2,ลำปาง-2
LPG_3,2569,ภาคเหนือ,ลำปาง,3,ลำปาง-3
LPG_4,2569,ภาคเหนือ,ลำปาง,4,ลำปาง-4
UTT_1,2569,ภาคเหนือ,อุตรดิตถ์,1,อุตรดิตถ์-1
UTT_2,2569,ภาคเหนือ,อุตรดิตถ์,2,อุตรดิตถ์-2
UTT_3,2569,ภาคเหนือ,อุตรดิตถ์,3,อุตรดิตถ์-3
PRE_1,2569,ภาคเหนือ,แพร่,1,แพร่-1
PRE_2,2569,ภาคเหนือ,แพร่,2,แพร่-2
PRE_3,2569,ภาคเหนือ,แพร่,3,แพร่-3
NAN_1,2569,ภาคเหนือ,น่าน,1,น่าน-1
NAN_2,2569,ภาคเหนือ,น่าน,2,น่าน-2
NAN_3,2569,ภาคเหนือ,น่าน,3,น่าน-3
PYO_1,2569,ภาคเหนือ,พะเยา,1,พะเยา-1
PYO_2,2569,ภาคเหนือ,พะเยา,2,พะเยา-2
PYO_3,2569,ภาคเหนือ,พะเยา,3,พะเยา-3
CRI_1,2569,ภาคเหนือ,เชียงราย,1,เชียงราย-1
CRI_2,2569,ภาคเหนือ,เชียงราย,2,เชียงราย-2
CRI_3,2569,ภาคเหนือ,เชียงราย,3,เชียงราย-3
CRI_4,2569,ภาคเหนือ,เชียงราย,4,เชียงราย-4
CRI_5,2569,ภาคเหนือ,เชียงราย,5,เชียงราย-5
CRI_6,2569,ภาคเหนือ,เชียงราย,6,เชียงราย-6
CRI_7,2569,ภาคเหนือ,เชียงราย,7,เชียงราย-7
MSN_1,2569,ภาคเหนือ,แม่ฮ่องสอน,1,แม่ฮ่องสอน-1
MSN_2,2569,ภาคเหนือ,แม่ฮ่องสอน,2,แม่ฮ่องสอน-2
NSN_1,2569,ภาคเหนือ,นครสวรรค์,1,นครสวรรค์-1
NSN_2,2569,ภาคเหนือ,นครสวรรค์,2,นครสวรรค์-2
NSN_3,2569,ภาคเหนือ,นครสวรรค์,3,นครสวรรค์-3
NSN_4,2569,ภาคเหนือ,นครสวรรค์,4,นครสวรรค์-4
NSN_5,2569,ภาคเหนือ,นครสวรรค์,5,นครสวรรค์-5
NSN_6,2569,ภาคเหนือ,นครสวรรค์,6,นครสวรรค์-6
UTI_1,2569,ภาคกลาง,อุทัยธานี,1,อุทัยธานี-1
UTI_2,2569,ภาคกลาง,อุทัยธานี,2,อุทัยธานี-2
KPT_1,2569,ภาคเหนือ,กำแพงเพชร,1,กำแพงเพชร-1
KPT_2,2569,ภาคเหนือ,กำแพงเพชร,2,กำแพงเพชร-2
KPT_3,2569,ภาคเหนือ,กำแพงเพชร,3,กำแพงเพชร-3
KPT_4,2569,ภาคเหนือ,กำแพงเพชร,4,กำแพงเพชร-4
TAK_1,2569,ภาคเหนือ,ตาก,1,ตาก-1
TAK_2,2569,ภาคเหนือ,ตาก,2,ตาก-2
TAK_3,2569,ภาคเหนือ,ตาก,3,ตาก-3
STI_1,2569,ภาคเหนือ,สุโขทัย,1,สุโขทัย-1
STI_2,2569,ภาคเหนือ,สุโขทัย,2,สุโขทัย-2
STI_3,2569,ภาคเหนือ,สุโขทัย,3,สุโขทัย-3
STI_4,2569,ภาคเหนือ,สุโขทัย,4,สุโขทัย-4
PLK_1,2569,ภาคเหนือ,พิษณุโลก,1,พิษณุโลก-1
PLK_2,2569,ภาคเหนือ,พิษณุโลก,2,พิษณุโลก-2
PLK_3,2569,ภาคเหนือ,พิษณุโลก,3,พิษณุโลก-3
PLK_4,2569,ภาคเหนือ,พิษณุโลก,4,พิษณุโลก-4
PLK_5,2569,ภาคเหนือ,พิษณุโลก,5,พิษณุโลก-5
PCT_1,2569,ภาคเหนือ,พิจิตร,1,พิจิตร-1
PCT_2,2569,ภาคเหนือ,พิจิตร,2,พิจิตร-2
PCT_3,2569,ภาคเหนือ,พิจิตร,3,พิจิตร-3
PNB_1,2569,ภาคเหนือ,เพชรบูรณ์,1,เพชรบูรณ์-1
PNB_2,2569,ภาคเหนือ,เพชรบูรณ์,2,เพชรบูรณ์-2
PNB_3,2569,ภาคเหนือ,เพชรบูรณ์,3,เพชรบูรณ์-3
PNB_4,2569,ภาคเหนือ,เพชรบูรณ์,4,เพชรบูรณ์-4
PNB_5,2569,ภาคเหนือ,เพชรบูรณ์,5,เพชรบูรณ์-5
PNB_6,2569,ภาคเหนือ,เพชรบูรณ์,6,เพชรบูรณ์-6
RBR_1,2569,ภาคกลาง,ราชบุรี,1,ราชบุรี-1
RBR_2,2569,ภาคกลาง,ราชบุรี,2,ราชบุรี-2
RBR_3,2569,ภาคกลาง,ราชบุรี,3,ราชบุรี-3
RBR_4,2569,ภาคกลาง,ราชบุรี,4,ราชบุรี-4
RBR_5,2569,ภาคกลาง,ราชบุรี,5,ราชบุรี-5
KRI_1,2569,ภาคกลาง,กาญจนบุรี,1,กาญจนบุรี-1
KRI_2,2569,ภาคกลาง,กาญจนบุรี,2,กาญจนบุรี-2
KRI_3,2569,ภาคกลาง,กาญจนบุรี,3,กาญจนบุรี-3
KRI_4,2569,ภาคกลาง,กาญจนบุรี,4,กาญจนบุรี-4
KRI_5,2569,ภาคกลาง,กาญจนบุรี,5,กาญจนบุรี-5
SPB_1,2569,ภาคกลาง,สุพรรณบุรี,1,สุพรรณบุรี-1
SPB_2,2569,ภาคกลาง,สุพรรณบุรี,2,สุพรรณบุรี-2
SPB_3,2569,ภาคกลาง,สุพรรณบุรี,3,สุพรรณบุรี-3
SPB_4,2569,ภาคกลาง,สุพรรณบุรี,4,สุพรรณบุรี-4
SPB_5,2569,ภาคกลาง,สุพรรณบุรี,5,สุพรรณบุรี-5
NPT_1,2569,ภาคกลาง,นครปฐม,1,นครปฐม-1
NPT_2,2569,ภาคกลาง,นครปฐม,2,นครปฐม-2
NPT_3,2569,ภาคกลาง,นครปฐม,3,นครปฐม-3
NPT_4,2569,ภาคกลาง,นครปฐม,4,นครปฐม-4
NPT_5,2569,ภาคกลาง,นครปฐม,5,นครปฐม-5
NPT_6,2569,ภาคกลาง,นครปฐม,6,นครปฐม-6
SKN_1,2569,ปริมณฑล,สมุทรสาคร,1,สมุทรสาคร-1
SKN_2,2569,ปริมณฑล,สมุทรสาคร,2,สมุทรสาคร-2
SKN_3,2569,ปริมณฑล,สมุทรสาคร,3,สมุทรสาคร-3
SKN_4,2569,ปริมณฑล,สมุทรสาคร,4,สมุทรสาคร-4
SKM_1,2569,ภาคกลาง,สมุทรสงคราม,1,สมุทรสงคราม-1
PBI_1,2569,ภาคกลาง,เพชรบุรี,1,เพชรบุรี-1
PBI_2,2569,ภาคกลาง,เพชรบุรี,2,เพชรบุรี-2
PBI_3,2569,ภาคกลาง,เพชรบุรี,3,เพชรบุรี-3
PTN_1,2569,ภาคใต้,ปัตตานี,1,ปัตตานี-1
PKN_1,2569,ภาคกลาง,ประจวบคีรีขันธ์,1,ประจวบคีรีขันธ์-1
PKN_2,2569,ภาคกลาง,ประจวบคีรีขันธ์,2,ประจวบคีรีขันธ์-2
PKN_3,2569,ภาคกลาง,ประจวบคีรีขันธ์,3,ประจวบคีรีขันธ์-3
NST_1,2569,ภาคใต้,นครศรีธรรมราช,1,นครศรีธรรมราช-1
NST_2,2569,ภาคใต้,นครศรีธรรมราช,2,นครศรีธรรมราช-2
NST_3,2569,ภาคใต้,นครศรีธรรมราช,3,นครศรีธรรมราช-3
NST_4,2569,ภาคใต้,นครศรีธรรมราช,4,นครศรีธรรมราช-4
NST_5,2569,ภาคใต้,นครศรีธรรมราช,5,นครศรีธรรมราช-5
NST_6,2569,ภาคใต้,นครศรีธรรมราช,6,นครศรีธรรมราช-6
NST_7,2569,ภาคใต้,นครศรีธรรมราช,7,นครศรีธรรมราช-7
NST_8,2569,ภาคใต้,นครศรีธรรมราช,8,นครศรีธรรมราช-8
NST_9,2569,ภาคใต้,นครศรีธรรมราช,9,นครศรีธรรมราช-9
KBI_1,2569,ภาคใต้,กระบี่,1,กระบี่-1
KBI_2,2569,ภาคใต้,กระบี่,2,กระบี่-2
KBI_3,2569,ภาคใต้,กระบี่,3,กระบี่-3
PNA_1,2569,ภาคใต้,พังงา,1,พังงา-1
PNA_2,2569,ภาคใต้,พังงา,2,พังงา-2
PKT_1,2569,ภาคใต้,ภูเก็ต,1,ภูเก็ต-1
PKT_2,2569,ภาคใต้,ภูเก็ต,2,ภูเก็ต-2
PKT_3,2569,ภาคใต้,ภูเก็ต,3,ภูเก็ต-3
SNI_1,2569,ภาคใต้,สุราษฎร์ธานี,1,สุราษฎร์ธานี-1
SNI_2,2569,ภาคใต้,สุราษฎร์ธานี,2,สุราษฎร์ธานี-2
SNI_3,2569,ภาคใต้,สุราษฎร์ธานี,3,สุราษฎร์ธานี-3
SNI_4,2569,ภาคใต้,สุราษฎร์ธานี,4,สุราษฎร์ธานี-4
SNI_5,2569,ภาคใต้,สุราษฎร์ธานี,5,สุราษฎร์ธานี-5
SNI_6,2569,ภาคใต้,สุราษฎร์ธานี,6,สุราษฎร์ธานี-6
SNI_7,2569,ภาคใต้,สุราษฎร์ธานี,7,สุราษฎร์ธานี-7
RNG_1,2569,ภาคใต้,ระนอง,1,ระนอง-1
CPN_1,2569,ภาคใต้,ชุมพร,1,ชุมพร-1
CPN_2,2569,ภาคใต้,ชุมพร,2,ชุมพร-2
CPN_3,2569,ภาคใต้,ชุมพร,3,ชุมพร-3
SKA_1,2569,ภาคใต้,สงขลา,1,สงขลา-1
SKA_2,2569,ภาคใต้,สงขลา,2,สงขลา-2
SKA_3,2569,ภาคใต้,สงขลา,3,สงขลา-3
SKA_4,2569,ภาคใต้,สงขลา,4,สงขลา-4
SKA_5,2569,ภาคใต้,สงขลา,5,สงขลา-5
SKA_6,2569,ภาคใต้,สงขลา,6,สงขลา-6
SKA_7,2569,ภาคใต้,สงขลา,7,สงขลา-7
SKA_8,2569,ภาคใต้,สงขลา,8,สงขลา-8
SKA_9,2569,ภาคใต้,สงขลา,9,สงขลา-9
STN_1,2569,ภาคใต้,สตูล,1,สตูล-1
STN_2,2569,ภาคใต้,สตูล,2,สตูล-2
TRG_1,2569,ภาคใต้,ตรัง,1,ตรัง-1
TRG_2,2569,ภาคใต้,ตรัง,2,ตรัง-2
TRG_3,2569,ภาคใต้,ตรัง,3,ตรัง-3
TRG_4,2569,ภาคใต้,ตรัง,4,ตรัง-4
PLG_1,2569,ภาคใต้,พัทลุง,1,พัทลุง-1
PLG_2,2569,ภาคใต้,พัทลุง,2,พัทลุง-2
PLG_3,2569,ภาคใต้,พัทลุง,3,พัทลุง-3
PTN_3,2569,ภาคใต้,ปัตตานี,3,ปัตตานี-3
PTN_4,2569,ภาคใต้,ปัตตานี,4,ปัตตานี-4
PTN_5,2569,ภาคใต้,ปัตตานี,5,ปัตตานี-5
YLA_1,2569,ภาคใต้,ยะลา,1,ยะลา-1
YLA_2,2569,ภาคใต้,ยะลา,2,ยะลา-2
YLA_3,2569,ภาคใต้,ยะลา,3,ยะลา-3
NWT_1,2569,ภาคใต้,นราธิวาส,1,นราธิวาส-1
NWT_2,2569,ภาคใต้,นราธิวาส,2,นราธิวาส-2
NWT_3,2569,ภาคใต้,นราธิวาส,3,นราธิวาส-3
NWT_4,2569,ภาคใต้,นราธิวาส,4,นราธิวาส-4
NWT_5,2569,ภาคใต้,นราธิวาส,5,นราธิวาส-5
